threshold,balanced_accuracy,f1,mcc,sensitivity,specificity,ppv,npv,lr_pos,lr_neg,youden_j,rule_name_train_oob,auc_probability
0.19166666666666665,0.6753246753246753,0.4117647058823529,0.27357294071880955,0.6363636363636364,0.7142857142857143,0.30434782608695654,0.9090909090909091,2.2272727272727275,0.509090909090909,0.35064935064935066,max_balanced_accuracy,0.7573051948051948
0.19166666666666665,0.6753246753246753,0.4117647058823529,0.27357294071880955,0.6363636363636364,0.7142857142857143,0.30434782608695654,0.9090909090909091,2.2272727272727275,0.509090909090909,0.35064935064935066,max_youden_j,0.7573051948051948
0.04032258064516129,0.5178571428571429,0.2894736842105263,0.07774288420142415,1.0,0.03571428571428571,0.16923076923076924,1.0,1.037037037037037,0.0,0.03571428571428581,conservative_high_specificity,0.7573051948051948
0.10698924731182796,0.702922077922078,0.43243243243243246,0.30851128185670873,0.7272727272727273,0.6785714285714286,0.3076923076923077,0.926829268292683,2.262626262626263,0.40191387559808606,0.4058441558441559,aggressive_high_sensitivity,0.7573051948051948
