model,auc,balanced_accuracy_050,f1_050,mcc_050,brier,ece,calibration_slope_logit,calibration_intercept_logit
model6_ensemble_isotonic_oob,0.7573051948051948,0.6923701298701299,0.46153846153846156,0.34190912265081225,0.1252989656468503,0.1303952885300295,0.6977823999026902,-0.7543147465701306
