model,auc,balanced_accuracy_050,f1_050,mcc_050,brier,ece,calibration_slope_logit,calibration_intercept_logit
model4_tree_endpoint,0.6915584415584415,0.663961038961039,0.47058823529411764,0.42542251495450717,0.11940137895483817,0.11343502192480016,0.4237296641179173,-0.6856628111646096
model5_mlp_endpoint,0.8068181818181818,0.6842532467532467,0.42424242424242425,0.2906818421566262,0.1729206144809723,0.1735434171531181,0.3908844491905042,-1.2013698313782173
model6_ensemble_endpoint,0.7857142857142857,0.7012987012987013,0.48,0.3668253766205722,0.1317458878752964,0.14940334563294083,0.5349909025167384,-0.8275633925814141
