threshold,balanced_accuracy,f1,mcc,sensitivity,specificity,ppv,npv,lr_pos,lr_neg,youden_j,rule,rule_name
0.25887223657045977,0.7477718360071302,0.5432098765432098,0.43912952939762073,0.6470588235294118,0.8484848484848485,0.46808510638297873,0.9210526315789473,4.2705882352941185,0.4159663865546218,0.4955436720142603,max_balanced_accuracy,max_balanced_accuracy
0.25887223657045977,0.7477718360071302,0.5432098765432098,0.43912952939762073,0.6470588235294118,0.8484848484848485,0.46808510638297873,0.9210526315789473,4.2705882352941185,0.4159663865546218,0.4955436720142603,max_youden_j,max_youden_j
0.06756169255895657,0.6944741532976827,0.4262295081967213,0.29476131826479085,0.7647058823529411,0.6242424242424243,0.29545454545454547,0.9279279279279279,2.0351043643263758,0.3769274700171331,0.3889483065953654,conservative_high_specificity,conservative_high_specificity
0.13048427794128659,0.728698752228164,0.48484848484848486,0.3670845819304287,0.7058823529411765,0.7515151515151515,0.36923076923076925,0.9253731343283582,2.8407460545193683,0.39136622390891834,0.4573975044563281,aggressive_high_sensitivity,aggressive_high_sensitivity
