threshold,balanced_accuracy,f1,mcc,sensitivity,specificity,ppv,npv,lr_pos,lr_neg,youden_j,rule_name_train_oob,auc_probability
0.25887223657045977,0.6753246753246753,0.4117647058823529,0.27357294071880955,0.6363636363636364,0.7142857142857143,0.30434782608695654,0.9090909090909091,2.2272727272727275,0.509090909090909,0.35064935064935066,max_balanced_accuracy,0.7857142857142857
0.25887223657045977,0.6753246753246753,0.4117647058823529,0.27357294071880955,0.6363636363636364,0.7142857142857143,0.30434782608695654,0.9090909090909091,2.2272727272727275,0.509090909090909,0.35064935064935066,max_youden_j,0.7857142857142857
0.06756169255895657,0.6761363636363636,0.4,0.26337744512560474,0.7272727272727273,0.625,0.27586206896551724,0.9210526315789473,1.9393939393939394,0.43636363636363634,0.3522727272727273,conservative_high_specificity,0.7857142857142857
0.13048427794128659,0.6939935064935066,0.42105263157894735,0.29301892257171547,0.7272727272727273,0.6607142857142857,0.2962962962962963,0.925,2.1435406698564594,0.41277641277641275,0.3879870129870131,aggressive_high_sensitivity,0.7857142857142857
