threshold,balanced_accuracy,f1,mcc,sensitivity,specificity,ppv,npv,lr_pos,lr_neg,youden_j,rule_name_train_oob,auc_probability
0.14706838876008987,0.5275280898876404,0.1487603305785124,0.029624371489335933,0.6,0.4550561797752809,0.08490566037735849,0.9310344827586207,1.1010309278350514,0.8790123456790124,0.05505617977528088,max_balanced_accuracy,0.5786516853932585
0.14706838876008987,0.5275280898876404,0.1487603305785124,0.029624371489335933,0.6,0.4550561797752809,0.08490566037735849,0.9310344827586207,1.1010309278350514,0.8790123456790124,0.05505617977528088,max_youden_j,0.5786516853932585
0.028839542530477047,0.48951310861423225,0.13978494623655913,-0.017669448753333403,0.8666666666666667,0.11235955056179775,0.07602339181286549,0.9090909090909091,0.9763713080168778,1.1866666666666665,-0.0209737827715355,conservative_high_specificity,0.5786516853932585
0.14706838876008987,0.5275280898876404,0.1487603305785124,0.029624371489335933,0.6,0.4550561797752809,0.08490566037735849,0.9310344827586207,1.1010309278350514,0.8790123456790124,0.05505617977528088,aggressive_high_sensitivity,0.5786516853932585
