model,auc,balanced_accuracy_050,f1_050,mcc_050,brier,ece,calibration_slope_logit,calibration_intercept_logit
model4_tree_endpoint,0.6722846441947566,0.5333333333333333,0.125,0.2486072315029383,0.06289446680770533,0.046966251215373934,0.4417576893227436,-0.6636116436002627
model5_mlp_endpoint,0.5786516853932585,0.5767790262172284,0.19230769230769232,0.10443956753632136,0.14499841630458832,0.2051151182611992,0.12607488230033395,-2.2731811829927806
model6_ensemble_endpoint,0.5786516853932585,0.5767790262172284,0.19230769230769232,0.10443956753632136,0.14499841552514062,0.2051151182611992,0.12607488230033395,-2.2731811829927806
