model,cindex_raw,cindex_adjusted,auc_365d,auc_730d,auc_1095d
model1_base_cox,0.741042345276873,0.741042345276873,0.6906367041198501,0.6906367041198501,0.6906367041198501
model2_geom_cox,0.6620521172638436,0.6620521172638436,0.6089887640449438,0.6089887640449438,0.6089887640449438
model3_full_cox,0.7353420195439739,0.7353420195439739,0.6700374531835206,0.6700374531835206,0.6700374531835206
model4_tree_auto,0.6734527687296417,0.6734527687296417,0.6722846441947566,0.6722846441947566,0.6722846441947566
model5_mlp_auto,0.5879478827361564,0.5879478827361564,0.5786516853932585,0.5786516853932585,0.5786516853932585
model6_ensemble_auto,0.5879478827361564,0.5879478827361564,0.5786516853932585,0.5786516853932585,0.5786516853932585
