model,nri_vs_base_endpoint,idi_vs_base_endpoint
model2_geom_cox,0.4119850187265917,0.3865537931745333
model3_full_cox,0.15355805243445692,1.178219513615778
model4_tree_auto,0.0,-0.29055125450182334
model5_mlp_auto,-0.022471910112359605,-0.31820881275725377
model6_ensemble_auto,-0.022471910112359605,-0.3182088128190035
