model,cindex_raw,cindex_adjusted,auc_365d,auc_730d,auc_1095d
model1_base_cox,0.46296296296296297,0.537037037037037,0.4058441558441559,0.4058441558441559,0.4058441558441559
model2_geom_cox,0.5555555555555556,0.5555555555555556,0.40909090909090906,0.40909090909090906,0.40909090909090906
model3_full_cox,0.5925925925925926,0.5925925925925926,0.5243506493506493,0.5243506493506493,0.5243506493506493
model4_tree_auto,0.5185185185185185,0.5185185185185185,0.6915584415584415,0.6915584415584415,0.6915584415584415
model5_mlp_auto,0.7222222222222222,0.7222222222222222,0.8068181818181818,0.8068181818181818,0.8068181818181818
model6_ensemble_auto,0.6296296296296297,0.6296296296296297,0.7857142857142857,0.7857142857142857,0.7857142857142857
